n_NP,n_P,RB_Raw,RMSE_Raw,RB_Log,RMSE_Log
0.5,0.01,36.31912898901465,483.6993652035888,0.5288988257056635,106.08834284546816
