n_NP,n_P,RB_Raw,RMSE_Raw,RB_Log,RMSE_Log
0.5,0.1,36.320930820547666,483.7233427952845,0.32149694671348655,95.89840332855445
