n_NP,n_P,RB_Raw,RMSE_Raw,RB_NB,RMSE_NB
0.5,0.1,36.320930820547666,483.7233427952845,5.2809688304649525,99.31312089823172
