n_NP,n_P,RB_Raw,RMSE_Raw,RB_NB,RMSE_NB
0.5,0.01,36.31912898901465,483.6993652035888,5.4285960810477905,105.17925716659265
