n_NP,n_P,RB_Raw,RMSE_Raw,RB_SVM,RMSE_SVM
0.05,0.1,67.61233825387747,900.4644043982604,65.21190324518335,915.9989345182191
