n_NP,n_P,RB_Raw,RMSE_Raw,RB_BART,RMSE_BART
0.5,0.01,36.31912898901465,483.6993652035888,8.374672467224071,116.67450806400052
