n_NP,n_P,RB_Raw,RMSE_Raw,RB_SVM_P,RMSE_SVM_P
0.5,0.01,36.31912898901465,483.6993652035888,5.19406956793035,237.0591000562012
