n_NP,n_P,RB_Raw,RMSE_Raw,RB_SVM_P,RMSE_SVM_P
0.5,0.1,36.320930820547666,483.7233427952845,8.243108600055518,385.80445885140006
