n_NP,n_P,RB_Raw,RMSE_Raw,RB_SVM_P,RMSE_SVM_P
0.05,0.01,67.60679451006393,900.3906242677534,49.55222032049621,720.6888188014655
