n_NP,n_P,RB_Raw,RMSE_Raw,RB_SVM_P,RMSE_SVM_P
0.3,0.1,50.68619980742665,675.040554957116,19.087606094827365,445.38135242255316
