n_NP,n_P,RB_Raw,RMSE_Raw,RB_SVM_P,RMSE_SVM_P
0.05,0.1,67.61233825387747,900.4644043982604,65.58331535047755,915.8461528506928
