n_NP,n_P,RB_Raw,RMSE_Raw,RB_BART,RMSE_BART
0.05,0.1,67.61233825387747,900.4644043982604,35.331327103827576,488.2446688986778
