n_NP,n_P,RB_Raw,RMSE_Raw,RB_BART,RMSE_BART
0.5,0.1,36.320930820547666,483.7233427952845,3.416788059136073,97.58408574595632
