n_NP,n_P,RB_Raw,RMSE_Raw,RB_SVM_P,RMSE_SVM_P
0.3,0.01,50.69091382412447,675.1033219525899,16.426263609097962,339.67040352773773
