n_NP,n_P,RB_Raw,RMSE_Raw,RB_RF,RMSE_RF
0.05,0.1,67.61233825387747,900.4644043982604,52.35058900815592,702.2191480030147
