n_NP,n_P,RB_Raw,RMSE_Raw,RB_BART,RMSE_BART
0.3,0.01,50.69091382412447,675.1033219525899,20.534562089984437,281.7875209430797
