n_NP,n_P,RB_Raw,RMSE_Raw,RB_RF,RMSE_RF
0.3,0.1,50.68619980742665,675.040554957116,36.98900062826211,496.820850456638
