n_NP,n_P,RB_Raw,RMSE_Raw,RB_SVM,RMSE_SVM
0.3,0.01,50.69091382412447,675.1033219525899,10.942392159499976,277.13473984011017
