n_NP,n_P,RB_Raw,RMSE_Raw,RB_SVM,RMSE_SVM
0.05,0.01,67.60679451006393,900.3906242677534,46.824877246864325,694.8844069384629
