n_NP,n_P,RB_Raw,RMSE_Raw,RB_BART,RMSE_BART
0.05,0.01,67.60679451006393,900.3906242677534,41.23676661297604,554.6850405067504
