n_NP,n_P,RB_Raw,RMSE_Raw,RB_RF,RMSE_RF
0.3,0.01,50.69091382412447,675.1033219525899,38.518796561516,516.3476581649347
