n_NP,n_P,RB_Raw,RMSE_Raw,RB_SVM,RMSE_SVM
0.5,0.1,36.320930820547666,483.7233427952845,1.9181893647968056,366.06686247855794
