n_NP,n_P,RB_Raw,RMSE_Raw,RB_RF,RMSE_RF
0.05,0.01,67.60679451006393,900.3906242677534,54.36436089112614,725.4572293065144
