n_NP,n_P,RB_Raw,RMSE_Raw,RB_RF,RMSE_RF
0.5,0.1,36.320930820547666,483.7233427952845,23.54331113096858,318.3973614512838
