n_NP,n_P,RB_Raw,RMSE_Raw,RB_SVM,RMSE_SVM
0.5,0.01,36.31912898901465,483.6993652035888,-0.44463461490238126,193.43208896331063
