n_NP,n_P,RB_Raw,RMSE_Raw,RB_SVM,RMSE_SVM
0.3,0.1,50.68619980742665,675.040554957116,12.282817917630528,401.34787403015775
