n_NP,n_P,RB_Raw,RMSE_Raw,RB_RF,RMSE_RF
0.5,0.01,36.31912898901465,483.6993652035888,25.397848169535543,339.8669302544201
