n_NP,n_P,RB_Raw,RMSE_Raw,RB_XGB,RMSE_XGB
0.3,0.1,50.68619980742665,675.040554957116,5.860041360362353,241.59721796252853
