n_NP,n_P,RB_Raw,RMSE_Raw,RB_XGB,RMSE_XGB
0.5,0.01,36.31912898901465,483.6993652035888,31.15773947643404,440.6436045313236
