n_NP,n_P,RB_Raw,RMSE_Raw,RB_XGB,RMSE_XGB
0.3,0.01,50.69091382412447,675.1033219525899,44.92782240133219,618.651027435054
