n_NP,n_P,RB_Raw,RMSE_Raw,RB_XGB,RMSE_XGB
0.5,0.1,36.320930820547666,483.7233427952845,-11.886140342019852,309.79567547914303
