n_NP,n_P,RB_Raw,RMSE_Raw,RB_XGB,RMSE_XGB
0.05,0.01,67.60679451006393,900.3906242677534,59.50371974429134,805.5411580911743
