n_NP,n_P,RB_Raw,RMSE_Raw,RB_XGB,RMSE_XGB
0.05,0.1,67.61233825387747,900.4644043982604,32.53701544553747,459.25691891047876
