n_NP,n_P,RB_Raw,RMSE_Raw,RB_Log,RMSE_Log,RB_Log_DR_lm,RMSE_Log_DR_lm,RB_NB,RMSE_NB,RB_NB_DR_lm,RMSE_NB_DR_lm,RB_BART,RMSE_BART,RB_BART_DR_lm,RMSE_BART_DR_lm
0.3,0.01,50.69091382412447,675.1033219525899,9.937303571778298,236.87102063788734,7.85618251495581,191.16793565235065,-32.690006814097494,469.6801077059271,-27.264056852228123,397.13242498847984,20.534562089984444,281.78752094307976,16.38844314616129,225.12841035157493
