n_NP,n_P,RB_Raw,RMSE_Raw,RB_Log,RMSE_Log,RB_Log_DR_lm,RMSE_Log_DR_lm,RB_NB,RMSE_NB,RB_NB_DR_lm,RMSE_NB_DR_lm,RB_BART,RMSE_BART,RB_BART_DR_lm,RMSE_BART_DR_lm
0.05,0.01,67.60679451006393,900.3906242677534,31.52459346485903,455.792869823872,29.21833229165892,423.5276352258787,4.740200471675713,154.2688757153091,2.1981250460745865,130.43642431881406,41.236766612976034,554.6850405067504,38.15526101610837,513.0107683655926
