n_NP,n_P,RB_Raw,RMSE_Raw,RB_Log,RMSE_Log,RB_Log_DR_lm,RMSE_Log_DR_lm,RB_NB,RMSE_NB,RB_NB_DR_lm,RMSE_NB_DR_lm,RB_BART,RMSE_BART,RB_BART_DR_lm,RMSE_BART_DR_lm
0.3,0.01,50.69091382412447,675.1033219525899,9.937303571778298,236.87102063788734,0.1204474098617605,18.313924621473898,-32.690006814097494,469.6801077059271,0.12745881828669103,18.950903699679106,20.534562089984444,281.78752094307976,0.12038349868293767,18.152137418646973
